<?xml version="1.0" encoding="UTF-8"?>
<QCARInfo>
<TargetSet version="14.0" toolVersion="7.0.0">
<ModelTarget name="VuforiaMars_ModelTarget" targetId="e43fd413d01f4e389a65e9c23bcfc7ad" version="11.0" toolVersion="3.0.0" bbox="-0.076987 0.000074 -0.054275 0.073300 0.110221 0.076539" previewImage="e43fd413d01f4e389a65e9c23bcfc7ad_preview.jpg"/>

</TargetSet>

<Assembly name="VuforiaMars_ModelTargets_assembly" assemblyId="91f5220e29224e4fa198e66214e43292">
<Part name="VuforiaMars_ModelTarget" translation="0 0 0" rotation="AD: 0 0 1 0"/>
<EntryPoint name="Back" translation="0 0.0378461 0.386541" rotation="AD: 1 0 0 210" image="VuforiaMars_ModelTarget_Back.png">

</EntryPoint>
<EntryPoint name="Front" translation="1.17013e-18 0.0474009 0.369991" rotation="AD: -2.3658359427573407e-16 -1.0352761804100832 3.8637033051562746 180" image="VuforiaMars_ModelTarget_Front.png">

</EntryPoint>

</Assembly>

</QCARInfo>
