<?xml version="1.0" encoding="UTF-8"?>
<QCARInfo>
<TargetSet version="20.0" toolVersion="9.0.12">
<ModelTarget name="BobbyStep1" targetId="55cd6273d22f4de79f205a93a8c24b04" version="11.1" toolVersion="9.0.12" bbox="-0.102974 -0.000421 -0.018266 0.019719 0.061035 0.022578" previewImage="55cd6273d22f4de79f205a93a8c24b04_preview.jpg"/>
<ModelTarget name="BobbyStep2" targetId="68719394dd214da3938f6108612ba920" version="11.1" toolVersion="9.0.12" bbox="-0.102228 -0.099034 -0.029472 0.101822 0.031441 0.011372" previewImage="68719394dd214da3938f6108612ba920_preview.jpg"/>
<ModelTarget name="BobbyStep3" targetId="221b677cd5d7442289b6c63b5e4cc696" version="11.1" toolVersion="9.0.12" bbox="-0.102228 -0.099034 -0.029472 0.101822 0.125315 0.019391" previewImage="221b677cd5d7442289b6c63b5e4cc696_preview.jpg"/>

</TargetSet>

<Assembly name="BobbyStep1s_assembly" assemblyId="68352f07e8ac4130ab7a7942bd6c9b9a">
<Part name="BobbyStep1" translation="0 0 0" rotation="AD: 0 0 1 0"/>
<EntryPoint name="FrontView_S1" translation="0.0415565 0.0304522 0.186168" rotation="AD: 0.3832949746621406 -0.9241703261559925 29.139651214821754 180.048" image="BobbyStep1_FrontView_S1.png" trained="yes">

</EntryPoint>

</Assembly>
<Assembly name="BobbyStep2s_assembly" assemblyId="5266e13686334a1cbbd836c404f87ba0">
<Part name="BobbyStep2" translation="0 0 0" rotation="AD: 0 0 1 0"/>
<EntryPoint name="FrontView_S2" translation="2.03171e-05 -0.0346861 0.322512" rotation="AD: -0.1530031174380529 -0.990375056669652 15.1868063808019 179.925" image="BobbyStep2_FrontView_S2.png" trained="yes">

</EntryPoint>

</Assembly>
<Assembly name="BobbyStep3s_assembly" assemblyId="074d75e735994110a69457c7ed8c67f9">
<Part name="BobbyStep3" translation="0 0 0" rotation="AD: 0 0 1 0"/>
<EntryPoint name="FrontView_S3" translation="0.000268557 0.0133013 0.321195" rotation="AD: 0.3643917551621794 0.9313955552131256 55.757887600646825 179.987" image="BobbyStep3_FrontView_S3.png" trained="yes">

</EntryPoint>

</Assembly>
<ModelTargetDatabase mtDBid="3c0b0a65b11647d583fbffb0f64837e5" name="BobbyTraining" toolVersion="13.0" version="13.0">
    <RecognitionResult assemblyId="074d75e735994110a69457c7ed8c67f9" assemblyName="BobbyStep3" entryPoint="FrontView_S3" />
    <RecognitionResult assemblyId="5266e13686334a1cbbd836c404f87ba0" assemblyName="BobbyStep2" entryPoint="FrontView_S2" />
    <RecognitionResult assemblyId="68352f07e8ac4130ab7a7942bd6c9b9a" assemblyName="BobbyStep1" entryPoint="FrontView_S1" />
</ModelTargetDatabase>

</QCARInfo>
