<?xml version="1.0" encoding="UTF-8"?>
<QCARInfo>
<TargetSet version="14.0" toolVersion="9.0.12">
<ModelTarget name="BobbyStep1" targetId="7ba2a581f1ba4c9abc2c610a85966edd" version="11.1" toolVersion="9.0.12" bbox="-0.102974 -0.000421 -0.018266 0.019719 0.061035 0.022578" previewImage="7ba2a581f1ba4c9abc2c610a85966edd_preview.jpg"/>

</TargetSet>

<Assembly name="BobbyStep1s_assembly" assemblyId="b2320b8d4acf421a8109b8e69debe3e5">
<Part name="BobbyStep1" translation="0 0 0" rotation="AD: 0 0 1 0"/>
<EntryPoint name="front view" translation="0.040931 0.017389 0.195142" rotation="AD: -0.05335792372132944 -1.0070680198754745 7.716358160253598 179.897" image="BobbyStep1_front view.png" trained="no">

</EntryPoint>

</Assembly>

</QCARInfo>
