<?xml version="1.0" encoding="UTF-8"?>
<QCARInfo>
<TargetSet version="20.0" toolVersion="9.0.12">
<ModelTarget name="AvionStep1" targetId="8ee52b393eb341f9b43e3a5dbdc4dff9" version="11.1" toolVersion="9.0.12" bbox="-0.029807 -0.022239 -0.039099 0.030029 0.015598 0.041962" previewImage="8ee52b393eb341f9b43e3a5dbdc4dff9_preview.jpg"/>
<ModelTarget name="AvionStep2" targetId="aa03dbc683314c2fb061283633578041" version="11.1" toolVersion="9.0.12" bbox="-0.061491 -0.022239 -0.039099 0.030029 0.039191 0.041962" previewImage="aa03dbc683314c2fb061283633578041_preview.jpg"/>
<ModelTarget name="AvionStep3" targetId="3adfbd93018042f7b6dbc71542690d5c" version="11.1" toolVersion="9.0.12" bbox="-0.061491 -0.022239 -0.069492 0.061506 0.039191 0.041962" previewImage="3adfbd93018042f7b6dbc71542690d5c_preview.jpg"/>
<ModelTarget name="AvionStep4" targetId="ab74460fce0b4e06aca5717a40ef1f51" version="11.1" toolVersion="9.0.12" bbox="-0.061491 -0.022239 -0.069492 0.061506 0.039191 0.092122" previewImage="ab74460fce0b4e06aca5717a40ef1f51_preview.jpg"/>
<ModelTarget name="AvionStep5" targetId="ee759bac029643a6975fb11380df49ac" version="11.1" toolVersion="9.0.12" bbox="-0.061491 -0.022239 -0.110486 0.061506 0.039191 0.092122" previewImage="ee759bac029643a6975fb11380df49ac_preview.jpg"/>

</TargetSet>

<Assembly name="AvionStep1s_assembly" assemblyId="59ecf3c2b72f458c938bf91f043fc7be">
<Part name="AvionStep1" translation="0 0 0" rotation="AD: 0 0 1 0"/>
<EntryPoint name="FrontView_S1" translation="-6.89495e-05 -0.0033083 0.11107" rotation="AD: -0.9619179060561441 -0.2733702211033225 65.65025408684775 179.993" image="AvionStep1_FrontView_S1.png" trained="yes">

</EntryPoint>

</Assembly>
<Assembly name="AvionStep2s_assembly" assemblyId="d5b36e1a73574453999980bd75b4cb72">
<Part name="AvionStep2" translation="0 0 0" rotation="AD: 0 0 1 0"/>
<EntryPoint name="FrontView_S2" translation="0.0157241 0.00844818 0.166646" rotation="AD: 0.2533248287918336 0.9674217397366452 109.33488314881629 179.998" image="AvionStep2_FrontView_S2.png" trained="yes">

</EntryPoint>

</Assembly>
<Assembly name="AvionStep3s_assembly" assemblyId="999de1083d244e7687ff08a914b01258">
<Part name="AvionStep3" translation="0 0 0" rotation="AD: 0 0 1 0"/>
<EntryPoint name="FrontView_S3" translation="0.00133746 0.00722899 0.244623" rotation="AD: 0.7417042676197221 -0.6721921587078882 15.14425635978151 180.249" image="AvionStep3_FrontView_S3.png" trained="yes">

</EntryPoint>

</Assembly>
<Assembly name="AvionStep4s_assembly" assemblyId="d746c0bf619440da85de8bbf2ccfa976">
<Part name="AvionStep4" translation="0 0 0" rotation="AD: 0 0 1 0"/>
<EntryPoint name="FrontView_S4" translation="-0.00102315 0.00957233 0.240375" rotation="AD: 0.6643847477848918 -0.7491067825936001 14.775672296893488 180.261" image="AvionStep4_FrontView_S4.png" trained="yes">

</EntryPoint>

</Assembly>
<Assembly name="AvionStep5s_assembly" assemblyId="9717f51c390b4c37943dcae9afc182f6">
<Part name="AvionStep5" translation="0 0 0" rotation="AD: 0 0 1 0"/>
<EntryPoint name="FrontView_S5" translation="0.000755396 0.00784058 0.24563" rotation="AD: 0.7775296939228936 -0.6297482920843661 18.68002994304135 180.161" image="AvionStep5_FrontView_S5.png" trained="yes">

</EntryPoint>

</Assembly>
<ModelTargetDatabase mtDBid="cd277d21a76f42e8a81d84cc68c3776f" name="AvionTraining" toolVersion="13.0" version="13.0">
    <RecognitionResult assemblyId="59ecf3c2b72f458c938bf91f043fc7be" assemblyName="AvionStep1" entryPoint="FrontView_S1" />
    <RecognitionResult assemblyId="9717f51c390b4c37943dcae9afc182f6" assemblyName="AvionStep5" entryPoint="FrontView_S5" />
    <RecognitionResult assemblyId="999de1083d244e7687ff08a914b01258" assemblyName="AvionStep3" entryPoint="FrontView_S3" />
    <RecognitionResult assemblyId="d5b36e1a73574453999980bd75b4cb72" assemblyName="AvionStep2" entryPoint="FrontView_S2" />
    <RecognitionResult assemblyId="d746c0bf619440da85de8bbf2ccfa976" assemblyName="AvionStep4" entryPoint="FrontView_S4" />
</ModelTargetDatabase>

</QCARInfo>
